id,name,formatted_name,kind,shift,full_price,offered_price,hide_prices,exemption,total_seats,paid_seats,available_seats,visible_seats,use_overbooking,exclusive,discount_group_position,enabled_in_discount_group,visible_in_discount_group,exclusivity_revision,extra_discount_text,extra_benefit,extra_warning,period_kind,max_periods,university_id,campus_id,enabled,enabled_for_seo,level,contribution_price,facebook_message,partner_fies,hidden,early_enrollment,force_price_update,pending_seats,metadata[code],metadata[shift_code],metadata[level_code]
5938,Direito,Direito,Presencial,Manhã,500.0,450.0,false,false, - ,2, - ,0,false,false, - ,false,false,0, - , - , - ,semestre,8,74,206,false,false,Graduação, - , - ,false,false,false,false,0, - , - , - 
5939,Direito,Direito,Presencial,Noite,650.0,585.0,false,false, - ,7, - ,0,false,false, - ,false,false,0, - , - , - ,semestre,8,74,206,false,false,Graduação, - , - ,false,false,false,false,0, - , - , - 
5940,Pedagogia,Pedagogia,Presencial,Manhã,411.0,369.9,false,false, - ,3, - ,0,false,false, - ,false,false,0, - , - , - ,semestre,8,74,206,false,false,Graduação, - , - ,false,false,false,false,0, - , - , - 
5941,Pedagogia,Pedagogia,Presencial,Noite,411.0,369.9,false,false, - ,1, - ,0,false,false, - ,false,false,0, - , - , - ,semestre,8,74,206,false,false,Graduação, - , - ,false,false,false,false,0, - , - , - 
5942,Publicidade e Propaganda,Publicidade e Propaganda,Presencial,Manhã,415.0,352.75,false,false, - ,12, - ,0,false,false, - ,false,false,0, - , - , - ,semestre,7,74,206,true,true,Bacharelado,124.5, - ,false,false,false,false,1, - , - , - 
5943,Publicidade e Propaganda,Publicidade e Propaganda,Presencial,Noite,489.0,415.65,false,false, - ,20, - ,0,false,false, - ,false,false,0, - , - , - ,semestre,7,74,206,true,true,Bacharelado,146.7, - ,false,false,false,false,3, - , - , - 
73925,Administração,Administração,Presencial,Manhã,353.0,300.05,false,false, - ,9, - ,0,false,false, - ,false,false,0, - , - , - ,semestre,8,74,206,true,true,Bacharelado,158.85, - ,false,false,false,false,10, - , - , - 
73926,Administração,Administração,Presencial,Noite,415.0,352.75,false,false, - ,38, - ,0,false,false, - ,false,false,0, - , - , - ,semestre,8,74,206,true,true,Bacharelado,124.5, - ,false,false,false,false,13, - , - , - 
73927,Ciências Contábeis,Ciências Contábeis,Presencial,Manhã,353.0,300.05,false,false, - ,3, - ,0,false,false, - ,false,false,0, - , - , - ,semestre,8,74,206,true,true,Bacharelado,105.9, - ,false,false,false,false,1, - , - , - 
73928,Ciências Contábeis,Ciências Contábeis,Presencial,Noite,419.0,356.15,false,false, - ,23, - ,0,false,false, - ,false,false,0, - , - , - ,semestre,8,74,206,true,true,Bacharelado,125.7, - ,false,false,false,false,5, - , - , - 
73929,Direito,Direito,Presencial,Manhã,405.0,344.25,false,false, - ,26, - ,0,false,false, - ,false,false,0, - , - , - ,semestre,10,74,206,true,true,Bacharelado,91.13, - ,false,false,false,false,30, - , - , - 
73930,Direito,Direito,Presencial,Noite,475.0,403.75,false,false, - ,34, - ,0,false,false, - ,false,false,0, - , - , - ,semestre,10,74,206,true,true,Bacharelado,142.5, - ,false,false,false,false,33, - , - , - 
73931,Pedagogia,Pedagogia,Presencial,Manhã,309.0,262.65,false,false, - ,7, - ,0,false,false, - ,false,false,0, - , - , - ,semestre,6,74,206,true,true,Licenciatura,139.05, - ,false,false,false,false,10, - , - , - 
73932,Pedagogia,Pedagogia,Presencial,Noite,359.0,305.15,false,false, - ,5, - ,0,false,false, - ,false,false,0, - , - , - ,semestre,6,74,206,true,true,Licenciatura,161.55, - ,false,false,false,false,6, - , - , - 
73935,Gestão Financeira,Gestão Financeira,Presencial,Manhã,309.0,262.65,false,false, - ,6, - ,0,false,false, - ,false,false,0, - , - , - ,semestre,4,74,206,true,true,Tecnólogo,139.05, - ,false,false,false,false,0, - , - , - 
73936,Gestão Financeira,Gestão Financeira,Presencial,Noite,359.0,305.15,false,false, - ,8, - ,0,false,false, - ,false,false,0, - , - , - ,semestre,4,74,206,true,true,Tecnólogo,107.7, - ,false,false,false,false,5, - , - , - 
73937,Gestão de Recursos Humanos,Gestão de Recursos Humanos,Presencial,Manhã,309.0,262.65,false,false, - ,11, - ,0,false,false, - ,false,false,0, - , - , - ,semestre,4,74,206,true,true,Tecnólogo,139.05, - ,false,false,false,false,7, - , - , - 
73938,Gestão de Recursos Humanos,Gestão de Recursos Humanos,Presencial,Noite,359.0,305.15,false,false, - ,15, - ,0,false,false, - ,false,false,0, - , - , - ,semestre,4,74,206,true,true,Tecnólogo,161.55, - ,false,false,false,false,7, - , - , - 
87088,Logística,Logística,Presencial,Manhã,309.0,262.65,false,false, - ,0, - ,0,false,false, - ,false,false,0, - , - , - ,semestre,4,74,206,false,true,Tecnólogo, - , - ,false,false,false,false,0, - , - , - 
87089,Logística,Logística,Presencial,Manhã,309.0,262.65,false,false, - ,1, - ,0,false,false, - ,false,false,0, - , - , - ,semestre,4,74,6743,true,true,Tecnólogo,120.0, - ,false,false,false,false,4, - , - , - 
87091,Logística,Logística,Presencial,Noite,359.0,305.15,false,false, - ,0, - ,0,false,false, - ,false,false,0, - , - , - ,semestre,4,74,206,false,true,Tecnólogo, - , - ,false,false,false,false,0, - , - , - 
126461,Marketing,Marketing,Presencial,Manhã,309.0,262.65,false,false, - ,3, - ,0,false,false, - ,false,false,0, - , - , - ,semestre,4,74,206,true,true,Tecnólogo,139.05, - ,false,false,false,false,7, - , - , - 
126462,Marketing,Marketing,Presencial,Noite,339.0,288.15,false,false, - ,15, - ,0,false,false, - ,false,false,0, - , - , - ,semestre,4,74,206,true,true,Tecnólogo,152.55, - ,false,false,false,false,11, - , - , - 
144169,Análise e Desenvolvimento Sistemas,Análise e Desenvolvimento Sistemas,Presencial,Noite,621.0,527.85,false,false, - ,0, - ,0,false,false, - ,false,false,0, - , - , - ,semestre,5,74,206,false,false,Tecnólogo, - , - ,false,false,false,false,0, - , - , - 
144170,Arquitetura e Urbanismo,Arquitetura e Urbanismo,Presencial,Noite,941.0,799.85,false,false, - ,0, - ,0,false,false, - ,false,false,0, - , - , - ,semestre,10,74,206,false,false,Bacharelado, - , - ,false,false,false,false,0, - , - , - 
144171,Biomedicina,Biomedicina,Presencial,Manhã,706.0,600.1,false,false, - ,0, - ,0,false,false, - ,false,false,0, - , - , - ,semestre,8,74,206,false,false,Bacharelado, - , - ,false,false,false,false,0, - , - , - 
144172,Biomedicina,Biomedicina,Presencial,Noite,706.0,600.1,false,false, - ,0, - ,0,false,false, - ,false,false,0, - , - , - ,semestre,8,74,206,false,false,Bacharelado, - , - ,false,false,false,false,0, - , - , - 
144173,Enfermagem,Enfermagem,Presencial,Manhã,690.0,586.5,false,false, - ,0, - ,0,false,false, - ,false,false,0, - , - , - ,semestre,8,74,206,false,false,Bacharelado, - , - ,false,false,false,false,0, - , - , - 
144174,Enfermagem,Enfermagem,Presencial,Noite,690.0,586.5,false,false, - ,0, - ,0,false,false, - ,false,false,0, - , - , - ,semestre,8,74,206,false,false,Bacharelado, - , - ,false,false,false,false,0, - , - , - 
144175,Gestão Hospitalar,Gestão Hospitalar,Presencial,Manhã,529.0,449.65,false,false, - ,0, - ,0,false,false, - ,false,false,0, - , - , - ,semestre,6,74,206,false,false,Tecnólogo, - , - ,false,false,false,false,0, - , - , - 
144176,Gestão Hospitalar,Gestão Hospitalar,Presencial,Noite,529.0,449.65,false,false, - ,0, - ,0,false,false, - ,false,false,0, - , - , - ,semestre,6,74,206,false,false,Tecnólogo, - , - ,false,false,false,false,0, - , - , - 
144177,Radiologia,Radiologia,Presencial,Manhã,529.0,449.65,false,false, - ,0, - ,0,false,false, - ,false,false,0, - , - , - ,semestre,6,74,206,false,false,Tecnólogo, - , - ,false,false,false,false,0, - , - , - 
144178,Radiologia,Radiologia,Presencial,Noite,529.0,449.65,false,false, - ,0, - ,0,false,false, - ,false,false,0, - , - , - ,semestre,6,74,206,false,false,Tecnólogo, - , - ,false,false,false,false,0, - , - , - 
144179,Redes de Computadores,Redes de Computadores,Presencial,Noite,682.0,579.7,false,false, - ,0, - ,0,false,false, - ,false,false,0, - , - , - ,semestre,5,74,206,false,false,Tecnólogo, - , - ,false,false,false,false,0, - , - , - 
260056,Análise e Desenvolvimento de Sistemas,Análise e Desenvolvimento de Sistemas,Presencial,Noite,359.0,305.15,false,false, - ,12, - ,0,false,false, - ,false,false,0, - , - , - ,semestre,5,74,6743,true,true,Tecnólogo,107.7, - ,false,false,false,false,9, - , - , - 
260057,Arquitetura e Urbanismo,Arquitetura e Urbanismo,Presencial,Noite,619.0,526.15,false,false, - ,21, - ,0,false,false, - ,false,false,0, - , - , - ,semestre,10,74,6743,true,true,Bacharelado,185.7, - ,false,false,false,false,27, - , - , - 
260058,Biomedicina,Biomedicina,Presencial,Manhã,389.0,330.65,false,false, - ,16, - ,0,false,false, - ,false,false,0, - , - , - ,semestre,8,74,6743,true,true,Bacharelado,175.05, - ,false,false,false,false,31, - , - , - 
260059,Biomedicina,Biomedicina,Presencial,Noite,429.0,364.65,false,false, - ,26, - ,0,false,false, - ,false,false,0, - , - , - ,semestre,8,74,6743,true,true,Bacharelado,128.7, - ,false,false,false,false,19, - , - , - 
260060,Ciências Biológicas,Ciências Biológicas,Presencial,Manhã,389.0,330.65,false,false, - ,1, - ,0,false,false, - ,false,false,0, - , - , - ,semestre,8,74,6743,true,true,Bacharelado,116.7, - ,false,false,false,false,1, - , - , - 
260061,Ciências Biológicas,Ciências Biológicas,Presencial,Noite,429.0,364.65,false,false, - ,0, - ,0,false,false, - ,false,false,0, - , - , - ,semestre,8,74,6743,true,true,Bacharelado,96.53, - ,false,false,false,false,1, - , - , - 
260062,Ciências Biológicas,Ciências Biológicas,Presencial,Manhã,309.0,262.65,false,false, - ,1, - ,0,false,false, - ,false,false,0, - , - , - ,semestre,6,74,6743,true,true,Licenciatura,139.05, - ,false,false,false,false,3, - , - , - 
260063,Ciências Biológicas,Ciências Biológicas,Presencial,Noite,359.0,305.15,false,false, - ,1, - ,0,false,false, - ,false,false,0, - , - , - ,semestre,6,74,6743,true,true,Licenciatura,107.7, - ,false,false,false,false,3, - , - , - 
260064,Design Gráfico,Design Gráfico,Presencial,Noite,349.0,296.65,false,false, - ,11, - ,0,false,false, - ,false,false,0, - , - , - ,semestre,4,74,6743,true,true,Tecnólogo,104.7, - ,false,false,false,false,13, - , - , - 
260065,Educação Física,Educação Física,Presencial,Manhã,389.0,330.65,false,false, - ,2, - ,0,false,false, - ,false,false,0, - , - , - ,semestre,8,74,6743,true,true,Bacharelado,175.05, - ,false,false,false,false,3, - , - , - 
260066,Educação Física,Educação Física,Presencial,Noite,429.0,364.65,false,false, - ,10, - ,0,false,false, - ,false,false,0, - , - , - ,semestre,8,74,6743,true,true,Bacharelado,128.7, - ,false,false,false,false,8, - , - , - 
260067,Educação Física,Educação Física,Presencial,Manhã,309.0,262.65,false,false, - ,0, - ,0,false,false, - ,false,false,0, - , - , - ,semestre,6,74,6743,true,true,Licenciatura,92.7, - ,false,false,false,false,0, - , - , - 
260068,Educação Física,Educação Física,Presencial,Noite,359.0,305.15,false,false, - ,2, - ,0,false,false, - ,false,false,0, - , - , - ,semestre,6,74,6743,true,true,Licenciatura,107.7, - ,false,false,false,false,3, - , - , - 
260069,Enfermagem,Enfermagem,Presencial,Manhã,389.0,330.65,false,false, - ,31, - ,0,false,false, - ,false,false,0, - , - , - ,semestre,8,74,6743,true,true,Bacharelado,175.05, - ,false,false,false,false,24, - , - , - 
260070,Enfermagem,Enfermagem,Presencial,Noite,429.0,364.65,false,false, - ,28, - ,0,false,false, - ,false,false,0, - , - , - ,semestre,8,74,6743,true,true,Bacharelado,128.7, - ,false,false,false,false,25, - , - , - 
260071,Engenharia Civil,Engenharia Civil,Presencial,Noite,589.0,500.65,false,false, - ,14, - ,0,false,false, - ,false,false,0, - , - , - ,semestre,10,74,6743,true,true,Bacharelado,132.53, - ,false,false,false,false,5, - , - , - 
260072,Engenharia de Produção,Engenharia de Produção,Presencial,Noite,589.0,500.65,false,false, - ,8, - ,0,false,false, - ,false,false,0, - , - , - ,semestre,10,74,6743,true,true,Bacharelado,176.7, - ,false,false,false,false,4, - , - , - 
260073,Engenharia Elétrica,Engenharia Elétrica,Presencial,Noite,589.0,500.65,false,false, - ,7, - ,0,false,false, - ,false,false,0, - , - , - ,semestre,10,74,6743,true,true,Bacharelado,176.7, - ,false,false,false,false,1, - , - , - 
260074,Engenharia Química,Engenharia Química,Presencial,Noite,589.0,500.65,false,false, - ,9, - ,0,false,false, - ,false,false,0, - , - , - ,semestre,10,74,6743,true,true,Bacharelado,176.7, - ,false,false,false,false,2, - , - , - 
260075,Eventos,Eventos,Presencial,Noite,389.0,330.65,false,false, - ,4, - ,0,false,false, - ,false,false,0, - , - , - ,semestre,4,74,6743,true,true,Tecnólogo,116.7, - ,false,false,false,false,4, - , - , - 
260076,Gestão Ambiental,Gestão Ambiental,Presencial,Manhã,309.0,262.65,false,false, - ,3, - ,0,false,false, - ,false,false,0, - , - , - ,semestre,4,74,6743,true,true,Tecnólogo,139.05, - ,false,false,false,false,0, - , - , - 
260077,Gestão Ambiental,Gestão Ambiental,Presencial,Noite,339.0,288.15,false,false, - ,2, - ,0,false,false, - ,false,false,0, - , - , - ,semestre,4,74,6743,true,true,Tecnólogo,152.55, - ,false,false,false,false,0, - , - , - 
260078,Gestão Comercial,Gestão Comercial,Presencial,Manhã,309.0,262.65,false,false, - ,1, - ,0,false,false, - ,false,false,0, - , - , - ,semestre,4,74,6743,true,true,Tecnólogo,92.7, - ,false,false,false,false,2, - , - , - 
260079,Gestão Comercial,Gestão Comercial,Presencial,Noite,339.0,288.15,false,false, - ,5, - ,0,false,false, - ,false,false,0, - , - , - ,semestre,4,74,6743,true,true,Tecnólogo,101.7, - ,false,false,false,false,1, - , - , - 
260080,Gestão de Tecnologia da Informação,Gestão de Tecnologia da Informação,Presencial,Noite,359.0,305.15,false,false, - ,8, - ,0,false,false, - ,false,false,0, - , - , - ,semestre,5,74,6743,true,true,Tecnólogo,107.7, - ,false,false,false,false,1, - , - , - 
260081,Gestão Desportiva e de Lazer,Gestão Desportiva e de Lazer,Presencial,Manhã,309.0,262.65,false,false, - ,0, - ,0,false,false, - ,false,false,0, - , - , - ,semestre,4,74,6743,false,true,Tecnólogo, - , - ,false,false,false,false,0, - , - , - 
260082,Gestão Desportiva e de Lazer,Gestão Desportiva e de Lazer,Presencial,Noite,339.0,288.15,false,false, - ,0, - ,0,false,false, - ,false,false,0, - , - , - ,semestre,4,74,6743,true,true,Tecnólogo,101.7, - ,false,false,false,false,1, - , - , - 
260083,Gestão Hospitalar,Gestão Hospitalar,Presencial,Manhã,319.0,271.15,false,false, - ,4, - ,0,false,false, - ,false,false,0, - , - , - ,semestre,6,74,6743,true,true,Tecnólogo,95.7, - ,false,false,false,false,0, - , - , - 
260084,Gestão Hospitalar,Gestão Hospitalar,Presencial,Noite,359.0,305.15,false,false, - ,2, - ,0,false,false, - ,false,false,0, - , - , - ,semestre,6,74,6743,true,true,Tecnólogo,120.0, - ,false,false,false,false,3, - , - , - 
260085,Jogos Digitais,Jogos Digitais,Presencial,Noite,349.0,296.65,false,false, - ,4, - ,0,false,false, - ,false,false,0, - , - , - ,semestre,5,74,6743,true,true,Tecnólogo,104.7, - ,false,false,false,false,0, - , - , - 
260086,Moda,Moda,Presencial,Manhã,399.0,339.15,false,false, - ,0, - ,0,false,false, - ,false,false,0, - , - , - ,semestre,4,74,6743,false,true,Tecnólogo, - , - ,false,false,false,false,0, - , - , - 
260087,Moda,Moda,Presencial,Noite,499.0,424.15,false,false, - ,2, - ,0,false,false, - ,false,false,0, - , - , - ,semestre,4,74,6743,false,true,Tecnólogo, - , - ,false,false,false,false,0, - , - , - 
260088,Produção Audiovisual,Produção Audiovisual,Presencial,Noite,349.0,296.65,false,false, - ,7, - ,0,false,false, - ,false,false,0, - , - , - ,semestre,4,74,206,true,true,Tecnólogo,157.05, - ,false,false,false,false,3, - , - , - 
260089,Radiologia,Radiologia,Presencial,Manhã,319.0,271.15,false,false, - ,13, - ,0,false,false, - ,false,false,0, - , - , - ,semestre,6,74,6743,true,true,Tecnólogo,143.55, - ,false,false,false,false,16, - , - , - 
260090,Radiologia,Radiologia,Presencial,Noite,359.0,305.15,false,false, - ,18, - ,0,false,false, - ,false,false,0, - , - , - ,semestre,6,74,6743,true,true,Tecnólogo,161.55, - ,false,false,false,false,21, - , - , - 
260091,Redes de Computadores,Redes de Computadores,Presencial,Noite,359.0,305.15,false,false, - ,6, - ,0,false,false, - ,false,false,0, - , - , - ,semestre,5,74,6743,true,true,Tecnólogo,161.55, - ,false,false,false,false,1, - , - , - 
260092,Sistemas de Informação,Sistemas de Informação,Presencial,Noite,359.0,305.15,false,false, - ,4, - ,0,false,false, - ,false,false,0, - , - , - ,semestre,8,74,6743,true,true,Bacharelado,161.55, - ,false,false,false,false,3, - , - , - 
312536,Análise e Desenvolvimento de Sistemas,Análise e Desenvolvimento de Sistemas,Presencial,Manhã,319.0,271.15,false,false, - ,5, - ,0,false,false, - ,false,false,0, - , - , - ,semestre,5,74,6743,true,true,Tecnólogo,143.55, - ,false,false,false,false,4, - , - , - 
312537,Arquitetura e Urbanismo,Arquitetura e Urbanismo,Presencial,Manhã,559.0,475.15,false,false, - ,13, - ,0,false,false, - ,false,false,0, - , - , - ,semestre,10,74,6743,true,true,Bacharelado,167.7, - ,false,false,false,false,7, - , - , - 
312538,Ciência da Computação,Ciência da Computação,Presencial,Manhã,319.0,271.15,false,false, - ,6, - ,0,false,false, - ,false,false,0, - , - , - ,semestre,8,74,6743,true,true,Bacharelado,95.7, - ,false,false,false,false,9, - , - , - 
312539,Ciência da Computação,Ciência da Computação,Presencial,Noite,359.0,305.15,false,false, - ,9, - ,0,false,false, - ,false,false,0, - , - , - ,semestre,8,74,6743,true,true,Bacharelado,107.7, - ,false,false,false,false,7, - , - , - 
312540,Ciências Econômicas,Ciências Econômicas,Presencial,Manhã,353.0,300.05,false,false, - ,0, - ,0,false,false, - ,false,false,0, - , - , - ,semestre,8,74,6743,true,true,Bacharelado,120.0, - ,false,false,false,false,3, - , - , - 
314561,Produção Audiovisual,Produção Audiovisual,Presencial,Manhã,309.0,262.65,false,false, - ,5, - ,0,false,false, - ,false,false,0, - , - , - ,semestre,4,74,206,true,true,Tecnólogo,139.05, - ,false,false,false,false,2, - , - , - 
314562,Construção de Edíficios,Construção de Edíficios,Presencial,Manhã,309.0,262.65,false,false, - ,0, - ,0,false,false, - ,false,false,0, - , - , - ,semestre,6,74,6743,true,true,Tecnólogo,120.0, - ,false,false,false,false,2, - , - , - 
314563,Design de Interiores,Design de Interiores,Presencial,Manhã,399.0,339.15,false,false, - ,0, - ,0,false,false, - ,false,false,0, - , - , - ,semestre,4,74,6743,true,true,Tecnólogo,119.7, - ,false,false,false,false,2, - , - , - 
314564,Design de Moda,Design de Moda,Presencial,Manhã,399.0,339.15,false,false, - ,6, - ,0,false,false, - ,false,false,0, - , - , - ,semestre,4,74,6743,true,true,Tecnólogo,179.55, - ,false,false,false,false,5, - , - , - 
314565,Design Gráfico,Design Gráfico,Presencial,Manhã,309.0,262.65,false,false, - ,6, - ,0,false,false, - ,false,false,0, - , - , - ,semestre,4,74,6743,true,true,Tecnólogo,139.05, - ,false,false,false,false,3, - , - , - 
314566,Engenharia Ambiental,Engenharia Ambiental,Presencial,Manhã,529.0,449.65,false,false, - ,5, - ,0,false,false, - ,false,false,0, - , - , - ,semestre,10,74,6743,true,true,Bacharelado,119.03, - ,false,false,false,false,1, - , - , - 
314567,Engenharia Civil,Engenharia Civil,Presencial,Manhã,529.0,449.65,false,false, - ,6, - ,0,false,false, - ,false,false,0, - , - , - ,semestre,10,74,6743,true,true,Bacharelado,158.7, - ,false,false,false,false,12, - , - , - 
314568,Engenharia de Produção,Engenharia de Produção,Presencial,Manhã,529.0,449.65,false,false, - ,4, - ,0,false,false, - ,false,false,0, - , - , - ,semestre,10,74,6743,true,true,Bacharelado,119.03, - ,false,false,false,false,2, - , - , - 
314569,Engenharia Elétrica,Engenharia Elétrica,Presencial,Manhã,529.0,449.65,false,false, - ,2, - ,0,false,false, - ,false,false,0, - , - , - ,semestre,10,74,6743,true,true,Bacharelado,158.7, - ,false,false,false,false,0, - , - , - 
314570,Engenharia Mecânica,Engenharia Mecânica,Presencial,Manhã,529.0,449.65,false,false, - ,0, - ,0,false,false, - ,false,false,0, - , - , - ,semestre,10,74,6743,true,true,Bacharelado,119.03, - ,false,false,false,false,2, - , - , - 
314571,Engenharia Química,Engenharia Química,Presencial,Manhã,529.0,449.65,false,false, - ,9, - ,0,false,false, - ,false,false,0, - , - , - ,semestre,10,74,6743,true,true,Bacharelado,158.7, - ,false,false,false,false,3, - , - , - 
314572,Gestão da Produção Industrial,Gestão da Produção Industrial,Presencial,Manhã,309.0,262.65,false,false, - ,0, - ,0,false,false, - ,false,false,0, - , - , - ,semestre,6,74,6743,true,true,Tecnólogo,120.0, - ,false,false,false,false,2, - , - , - 
314573,Gestão de Tecnologia da Informação,Gestão de Tecnologia da Informação,Presencial,Manhã,319.0,271.15,false,false, - ,3, - ,0,false,false, - ,false,false,0, - , - , - ,semestre,5,74,6743,true,true,Tecnólogo,95.7, - ,false,false,false,false,5, - , - , - 
314574,Jogos Digitais,Jogos Digitais,Presencial,Manhã,309.0,262.65,false,false, - ,2, - ,0,false,false, - ,false,false,0, - , - , - ,semestre,5,74,6743,true,true,Tecnólogo,120.0, - ,false,false,false,false,1, - , - , - 
314575,Letras - Português e Inglês,Letras - Português e Inglês,Presencial,Manhã,309.0,262.65,false,false, - ,1, - ,0,false,false, - ,false,false,0, - , - , - ,semestre,7,74,6743,true,true,Licenciatura,92.7, - ,false,false,false,false,2, - , - , - 
314576,Matemática,Matemática,Presencial,Manhã,309.0,262.65,false,false, - ,2, - ,0,false,false, - ,false,false,0, - , - , - ,semestre,6,74,6743,true,true,Licenciatura,139.05, - ,false,false,false,false,4, - , - , - 
314577,Nutrição,Nutrição,Presencial,Manhã,389.0,330.65,false,false, - ,9, - ,0,false,false, - ,false,false,0, - , - , - ,semestre,8,74,6743,true,true,Bacharelado,175.05, - ,false,false,false,false,12, - , - , - 
314578,Processos Gerenciais,Processos Gerenciais,Presencial,Manhã,309.0,262.65,false,false, - ,0, - ,0,false,false, - ,false,false,0, - , - , - ,semestre,4,74,6743,true,true,Tecnólogo,92.7, - ,false,false,false,false,2, - , - , - 
314579,Produção Publicitária,Produção Publicitária,Presencial,Manhã,309.0,262.65,false,false, - ,3, - ,0,false,false, - ,false,false,0, - , - , - ,semestre,4,74,6743,true,true,Tecnólogo,92.7, - ,false,false,false,false,2, - , - , - 
314580,Química,Química,Presencial,Manhã,309.0,262.65,false,false, - ,0, - ,0,false,false, - ,false,false,0, - , - , - ,semestre,6,74,6743,true,true,Licenciatura,120.0, - ,false,false,false,false,2, - , - , - 
314581,Redes de Computadores,Redes de Computadores,Presencial,Manhã,319.0,271.15,false,false, - ,1, - ,0,false,false, - ,false,false,0, - , - , - ,semestre,5,74,6743,true,true,Tecnólogo,95.7, - ,false,false,false,false,2, - , - , - 
314582,Saneamento Ambiental,Saneamento Ambiental,Presencial,Manhã,309.0,262.65,false,false, - ,0, - ,0,false,false, - ,false,false,0, - , - , - ,semestre,4,74,6743,true,true,Tecnólogo,120.0, - ,false,false,false,false,0, - , - , - 
314583,Sistemas de Informação,Sistemas de Informação,Presencial,Manhã,319.0,271.15,false,false, - ,3, - ,0,false,false, - ,false,false,0, - , - , - ,semestre,8,74,6743,true,true,Bacharelado,143.55, - ,false,false,false,false,7, - , - , - 
314584,Ciências Econômicas,Ciências Econômicas,Presencial,Noite,415.0,352.75,false,false, - ,3, - ,0,false,false, - ,false,false,0, - , - , - ,semestre,8,74,6743,true,true,Bacharelado,93.38, - ,false,false,false,false,2, - , - , - 
314585,Construção de Edíficios,Construção de Edíficios,Presencial,Noite,339.0,288.15,false,false, - ,3, - ,0,false,false, - ,false,false,0, - , - , - ,semestre,6,74,6743,true,true,Tecnólogo,101.7, - ,false,false,false,false,1, - , - , - 
314586,Design de Interiores,Design de Interiores,Presencial,Noite,499.0,424.15,false,false, - ,2, - ,0,false,false, - ,false,false,0, - , - , - ,semestre,4,74,6743,true,true,Tecnólogo,149.7, - ,false,false,false,false,4, - , - , - 
314587,Design de Moda,Design de Moda,Presencial,Noite,499.0,424.15,false,false, - ,11, - ,0,false,false, - ,false,false,0, - , - , - ,semestre,4,74,6743,true,true,Tecnólogo,149.7, - ,false,false,false,false,0, - , - , - 
314588,Engenharia Ambiental,Engenharia Ambiental,Presencial,Noite,589.0,500.65,false,false, - ,3, - ,0,false,false, - ,false,false,0, - , - , - ,semestre,10,74,6743,true,true,Bacharelado,132.53, - ,false,false,false,false,2, - , - , - 
314589,Engenharia Mecânica,Engenharia Mecânica,Presencial,Noite,589.0,500.65,false,false, - ,2, - ,0,false,false, - ,false,false,0, - , - , - ,semestre,10,74,6743,true,true,Bacharelado,132.53, - ,false,false,false,false,3, - , - , - 
314590,Gestão da Produção Industrial,Gestão da Produção Industrial,Presencial,Noite,339.0,288.15,false,false, - ,4, - ,0,false,false, - ,false,false,0, - , - , - ,semestre,6,74,6743,true,true,Tecnólogo,152.55, - ,false,false,false,false,0, - , - , - 
314591,Gestão de Turismo,Gestão de Turismo,Presencial,Noite,349.0,296.65,false,false, - ,2, - ,0,false,false, - ,false,false,0, - , - , - ,semestre,4,74,6743,true,true,Tecnólogo,157.05, - ,false,false,false,false,2, - , - , - 
314592,Hotelaria,Hotelaria,Presencial,Noite,499.0,424.15,false,false, - ,0, - ,0,false,false, - ,false,false,0, - , - , - ,semestre,4,74,6743,true,true,Tecnólogo,120.0, - ,false,false,false,false,0, - , - , - 
314593,Letras - Português e Inglês,Letras - Português e Inglês,Presencial,Noite,359.0,305.15,false,false, - ,3, - ,0,false,false, - ,false,false,0, - , - , - ,semestre,7,74,6743,true,true,Licenciatura,161.55, - ,false,false,false,false,2, - , - , - 
314594,Logística,Logística,Presencial,Noite,359.0,305.15,false,false, - ,4, - ,0,false,false, - ,false,false,0, - , - , - ,semestre,4,74,6743,true,true,Tecnólogo,107.7, - ,false,false,false,false,3, - , - , - 
314595,Matemática,Matemática,Presencial,Noite,359.0,305.15,false,false, - ,0, - ,0,false,false, - ,false,false,0, - , - , - ,semestre,6,74,6743,true,true,Licenciatura,107.7, - ,false,false,false,false,1, - , - , - 
314596,Nutrição,Nutrição,Presencial,Noite,429.0,364.65,false,false, - ,25, - ,0,false,false, - ,false,false,0, - , - , - ,semestre,8,74,6743,true,true,Bacharelado,96.53, - ,false,false,false,false,30, - , - , - 
314597,Processos Gerenciais,Processos Gerenciais,Presencial,Noite,359.0,305.15,false,false, - ,4, - ,0,false,false, - ,false,false,0, - , - , - ,semestre,4,74,6743,true,true,Tecnólogo,161.55, - ,false,false,false,false,0, - , - , - 
314598,Produção Publicitária,Produção Publicitária,Presencial,Noite,349.0,296.65,false,false, - ,2, - ,0,false,false, - ,false,false,0, - , - , - ,semestre,4,74,6743,true,true,Tecnólogo,104.7, - ,false,false,false,false,1, - , - , - 
314599,Química,Química,Presencial,Noite,359.0,305.15,false,false, - ,3, - ,0,false,false, - ,false,false,0, - , - , - ,semestre,6,74,6743,true,true,Licenciatura,120.0, - ,false,false,false,false,1, - , - , - 
314600,Saneamento Ambiental,Saneamento Ambiental,Presencial,Noite,339.0,288.15,false,false, - ,0, - ,0,false,false, - ,false,false,0, - , - , - ,semestre,4,74,6743,true,true,Tecnólogo,120.0, - ,false,false,false,false,0, - , - , - 
314601,Turismo,Turismo,Presencial,Noite,389.0,330.65,false,false, - ,2, - ,0,false,false, - ,false,false,0, - , - , - ,semestre,6,74,6743,true,true,Bacharelado,175.05, - ,false,false,false,false,1, - , - , - 
314760,Gastronomia,Gastronomia,Presencial,Noite,1500.0,1275.0,false,false, - ,3, - ,0,false,false, - ,false,false,0, - , - , - ,semestre,4,74,6743,true,true,Tecnólogo,337.5, - ,false,false,false,false,2, - , - , - 
